Image_id,blast,brown,healthy
id_00vl5wvxq3.jpg,0.0,0.0,0.0
id_01hu05mtch.jpg,0.0,0.0,0.0
id_030ln10ewn.jpg,0.0,0.0,0.0
id_03z57m8xht.jpg,0.0,0.0,0.0
id_04ngep1w4b.jpg,0.0,0.0,0.0
id_050c6jzczt.jpg,0.0,0.0,0.0
id_062s7kr3jp.jpg,0.0,0.0,0.0
id_066v0v19bm.jpg,0.0,0.0,0.0
id_07v2dwvq17.jpg,0.0,0.0,0.0
id_084yoijkju.jpg,0.0,0.0,0.0
id_089nmtd1v0.jpg,0.0,0.0,0.0
id_0ane7k90m0.jpg,0.0,0.0,0.0
id_0e7wk9uzq3.jpg,0.0,0.0,0.0
id_0f43lwh2ve.jpg,0.0,0.0,0.0
id_0gutmn510g.jpg,0.0,0.0,0.0
id_0ivqysjaf3.jpg,0.0,0.0,0.0
id_0jv00ddllp.jpg,0.0,0.0,0.0
id_0jvgjlu6db.jpg,0.0,0.0,0.0
id_0kb1k9p3ox.jpg,0.0,0.0,0.0
id_0ptdk3a5vq.jpg,0.0,0.0,0.0
id_0r2hdgahag.jpg,0.0,0.0,0.0
id_0rye0m9k8n.jpg,0.0,0.0,0.0
id_0s71zmqgab.jpg,0.0,0.0,0.0
id_0s8jfre56d.jpg,0.0,0.0,0.0
id_0s8p3xe7ox.jpg,0.0,0.0,0.0
id_0sfi1usm7o.jpg,0.0,0.0,0.0
id_0sj2nj0iv8.jpg,0.0,0.0,0.0
id_0sk77pcna4.jpg,0.0,0.0,0.0
id_0u5yyljlni.jpg,0.0,0.0,0.0
id_0wmuruj6vc.jpg,0.0,0.0,0.0
id_0x8ufanyyl.jpg,0.0,0.0,0.0
id_0zmihf5mrh.jpg,0.0,0.0,0.0
id_102rthzp5d.jpg,0.0,0.0,0.0
id_10jv6d35ge.jpg,0.0,0.0,0.0
id_10wvvleobw.jpg,0.0,0.0,0.0
id_12exehmn04.jpg,0.0,0.0,0.0
id_12sbto2xb5.jpg,0.0,0.0,0.0
id_15kgdxivta.jpg,0.0,0.0,0.0
id_16cw42588b.jpg,0.0,0.0,0.0
id_172v32sjrd.jpg,0.0,0.0,0.0
id_185nae1uwe.jpg,0.0,0.0,0.0
id_18dbof864z.jpg,0.0,0.0,0.0
id_18gc0uojou.jpg,0.0,0.0,0.0
id_18tvychr6u.jpg,0.0,0.0,0.0
id_1abk7wnlia.jpg,0.0,0.0,0.0
id_1b75oukcu7.jpg,0.0,0.0,0.0
id_1biitp0gbc.jpg,0.0,0.0,0.0
id_1bwteyjgef.jpg,0.0,0.0,0.0
id_1cgkf5k10j.jpg,0.0,0.0,0.0
id_1faueyfqyx.jpg,0.0,0.0,0.0
id_1gkr07e0kd.jpg,0.0,0.0,0.0
id_1gn0og83mi.jpg,0.0,0.0,0.0
id_1gxrc02que.jpg,0.0,0.0,0.0
id_1i4c79c9ji.jpg,0.0,0.0,0.0
id_1i5v2j4sax.jpg,0.0,0.0,0.0
id_1j1edjfd4f.jpg,0.0,0.0,0.0
id_1jex1cbzqz.jpg,0.0,0.0,0.0
id_1jklgpd8d6.jpg,0.0,0.0,0.0
id_1krj65y404.jpg,0.0,0.0,0.0
id_1m6n769g91.jpg,0.0,0.0,0.0
id_1nfivdxg3k.jpg,0.0,0.0,0.0
id_1nrkalt5m2.jpg,0.0,0.0,0.0
id_1p26yf26ad.jpg,0.0,0.0,0.0
id_1phhaetwp0.jpg,0.0,0.0,0.0
id_1q5254vwyn.jpg,0.0,0.0,0.0
id_1s51xf1hzi.jpg,0.0,0.0,0.0
id_1sju9mce8x.jpg,0.0,0.0,0.0
id_1sobp25gqr.jpg,0.0,0.0,0.0
id_1tajvlo77s.jpg,0.0,0.0,0.0
id_1uoy9y28ci.jpg,0.0,0.0,0.0
id_1w1zx50ks3.jpg,0.0,0.0,0.0
id_1wkzflxkh6.jpg,0.0,0.0,0.0
id_1xohzz86kf.jpg,0.0,0.0,0.0
id_1y0zncmgqb.jpg,0.0,0.0,0.0
id_1y37qz4ry0.jpg,0.0,0.0,0.0
id_1yrozih525.jpg,0.0,0.0,0.0
id_1yzlxwmbtw.jpg,0.0,0.0,0.0
id_1zyv1iq9ke.jpg,0.0,0.0,0.0
id_202qmgptos.jpg,0.0,0.0,0.0
id_20jy1dng9w.jpg,0.0,0.0,0.0
id_20lxhltxfh.jpg,0.0,0.0,0.0
id_222sm7fvpz.jpg,0.0,0.0,0.0
id_22xrmf5o43.jpg,0.0,0.0,0.0
id_23frz85y4q.jpg,0.0,0.0,0.0
id_2429vw33is.jpg,0.0,0.0,0.0
id_244q5yfpok.jpg,0.0,0.0,0.0
id_25b366alwi.jpg,0.0,0.0,0.0
id_2634btzlwa.jpg,0.0,0.0,0.0
id_29147ujazi.jpg,0.0,0.0,0.0
id_29ua75zqlo.jpg,0.0,0.0,0.0
id_2btc6aaiul.jpg,0.0,0.0,0.0
id_2dc984fdle.jpg,0.0,0.0,0.0
id_2e6287ty0v.jpg,0.0,0.0,0.0
id_2f0o0mfu1g.jpg,0.0,0.0,0.0
id_2fljyfm5he.jpg,0.0,0.0,0.0
id_2ifmsk6xpl.jpg,0.0,0.0,0.0
id_2ku67cg3ud.jpg,0.0,0.0,0.0
id_2nmj22clly.jpg,0.0,0.0,0.0
id_2o6mpuqjj6.jpg,0.0,0.0,0.0
id_2pybialww7.jpg,0.0,0.0,0.0
id_2q6g4ubcn3.jpg,0.0,0.0,0.0
id_2uahvm6nlz.jpg,0.0,0.0,0.0
id_2y87y866kh.jpg,0.0,0.0,0.0
id_2z9iw7acwj.jpg,0.0,0.0,0.0
id_321v8nul8r.jpg,0.0,0.0,0.0
id_32dfq1f0fz.jpg,0.0,0.0,0.0
id_349dssqmyx.jpg,0.0,0.0,0.0
id_3501x49zk6.jpg,0.0,0.0,0.0
id_35n9wtfzvj.jpg,0.0,0.0,0.0
id_37dlaohacg.jpg,0.0,0.0,0.0
id_38fgveupp6.jpg,0.0,0.0,0.0
id_393toqusi5.jpg,0.0,0.0,0.0
id_398iuyjuiw.jpg,0.0,0.0,0.0
id_3aw1x3lp00.jpg,0.0,0.0,0.0
id_3azjbcsaoz.jpg,0.0,0.0,0.0
id_3b3ittba4m.jpg,0.0,0.0,0.0
id_3bpvokar6a.jpg,0.0,0.0,0.0
id_3bzlx5zdtc.jpg,0.0,0.0,0.0
id_3eis2hodjf.jpg,0.0,0.0,0.0
id_3erzt7e8go.jpg,0.0,0.0,0.0
id_3ffiga0dbm.jpg,0.0,0.0,0.0
id_3hax4hkblt.jpg,0.0,0.0,0.0
id_3hb0jpd195.jpg,0.0,0.0,0.0
id_3k3bngsb0x.jpg,0.0,0.0,0.0
id_3o0cliy66y.jpg,0.0,0.0,0.0
id_3oz6lfl9zh.jpg,0.0,0.0,0.0
id_3pxyuwfequ.jpg,0.0,0.0,0.0
id_3q19pe5ap7.jpg,0.0,0.0,0.0
id_3u167skcbr.jpg,0.0,0.0,0.0
id_3u678if5sa.jpg,0.0,0.0,0.0
id_3utzbj8iwy.jpg,0.0,0.0,0.0
id_3v9lrv6wd1.jpg,0.0,0.0,0.0
id_3xxa7ein98.jpg,0.0,0.0,0.0
id_3yzntalbvj.jpg,0.0,0.0,0.0
id_3zpci62t81.jpg,0.0,0.0,0.0
id_3zr7d0lxtp.jpg,0.0,0.0,0.0
id_40tq9ldy97.jpg,0.0,0.0,0.0
id_40x5h1zs7z.jpg,0.0,0.0,0.0
id_4227oe5rcg.jpg,0.0,0.0,0.0
id_42eimytwax.jpg,0.0,0.0,0.0
id_46tn6xbbos.jpg,0.0,0.0,0.0
id_46xhul3ffj.jpg,0.0,0.0,0.0
id_497layo6y6.jpg,0.0,0.0,0.0
id_4b2kzejrzs.jpg,0.0,0.0,0.0
id_4c0y67btx0.jpg,0.0,0.0,0.0
id_4c5fsx9t1g.jpg,0.0,0.0,0.0
id_4e4hrr1doy.jpg,0.0,0.0,0.0
id_4eokhx4xmu.jpg,0.0,0.0,0.0
id_4eqly7ghcb.jpg,0.0,0.0,0.0
id_4eyre09j24.jpg,0.0,0.0,0.0
id_4ghoez8b3q.jpg,0.0,0.0,0.0
id_4hojjs1sqk.jpg,0.0,0.0,0.0
id_4i6zcdrwkr.jpg,0.0,0.0,0.0
id_4jmwaj5c0z.jpg,0.0,0.0,0.0
id_4lowhbx63p.jpg,0.0,0.0,0.0
id_4nvv0xethp.jpg,0.0,0.0,0.0
id_4p09jwrfcd.jpg,0.0,0.0,0.0
id_4pa7clavwn.jpg,0.0,0.0,0.0
id_4rnqd1qmsb.jpg,0.0,0.0,0.0
id_4t04covpzf.jpg,0.0,0.0,0.0
id_4vcmk255mj.jpg,0.0,0.0,0.0
id_4veqvgf276.jpg,0.0,0.0,0.0
id_4xqyedo4gz.jpg,0.0,0.0,0.0
id_4yrf1ograd.jpg,0.0,0.0,0.0
id_4zusywq1cj.jpg,0.0,0.0,0.0
id_50uwy9lssr.jpg,0.0,0.0,0.0
id_510uss2kx6.jpg,0.0,0.0,0.0
id_566s519h3g.jpg,0.0,0.0,0.0
id_56ig1njq37.jpg,0.0,0.0,0.0
id_584lgxnpb7.jpg,0.0,0.0,0.0
id_58jg1k3s5r.jpg,0.0,0.0,0.0
id_5c0o7whkhv.jpg,0.0,0.0,0.0
id_5eilypqfff.jpg,0.0,0.0,0.0
id_5f20all309.jpg,0.0,0.0,0.0
id_5gn6rtfftv.jpg,0.0,0.0,0.0
id_5gz27g2s4l.jpg,0.0,0.0,0.0
id_5ixtcjsmuz.jpg,0.0,0.0,0.0
id_5k7qvp9fhc.jpg,0.0,0.0,0.0
id_5k7vfi0zc5.jpg,0.0,0.0,0.0
id_5lo7l0y0vb.jpg,0.0,0.0,0.0
id_5lxm7mcsj2.jpg,0.0,0.0,0.0
id_5nkfatffwe.jpg,0.0,0.0,0.0
id_5vqbqpw7qn.jpg,0.0,0.0,0.0
id_5w2fpqgby8.jpg,0.0,0.0,0.0
id_5wcv5ugwhx.jpg,0.0,0.0,0.0
id_5ylgl2empi.jpg,0.0,0.0,0.0
id_60qaklh3mk.jpg,0.0,0.0,0.0
id_61cw521nxd.jpg,0.0,0.0,0.0
id_63btdfqcnj.jpg,0.0,0.0,0.0
id_63pslknc7r.jpg,0.0,0.0,0.0
id_63x62yn6ve.jpg,0.0,0.0,0.0
id_648d4t1un5.jpg,0.0,0.0,0.0
id_64a66iflbg.jpg,0.0,0.0,0.0
id_64xo3an59r.jpg,0.0,0.0,0.0
id_6579czllj5.jpg,0.0,0.0,0.0
id_65fiexheye.jpg,0.0,0.0,0.0
id_65igspysof.jpg,0.0,0.0,0.0
id_66bnbmp7o7.jpg,0.0,0.0,0.0
id_66m9y7ilsm.jpg,0.0,0.0,0.0
id_6bkgvuphbg.jpg,0.0,0.0,0.0
id_6bypvyv5vv.jpg,0.0,0.0,0.0
id_6c5hxxj9py.jpg,0.0,0.0,0.0
id_6eo3wokp04.jpg,0.0,0.0,0.0
id_6g7fz3ndtp.jpg,0.0,0.0,0.0
id_6jcwemyxc9.jpg,0.0,0.0,0.0
id_6jkdvdcvp3.jpg,0.0,0.0,0.0
id_6luuayw4ih.jpg,0.0,0.0,0.0
id_6mz1zd20su.jpg,0.0,0.0,0.0
id_6olr26yprl.jpg,0.0,0.0,0.0
id_6ovjv98pi2.jpg,0.0,0.0,0.0
id_6r3skclu2k.jpg,0.0,0.0,0.0
id_6r8f1xh0cc.jpg,0.0,0.0,0.0
id_6rn80ow9sl.jpg,0.0,0.0,0.0
id_6rpous9krp.jpg,0.0,0.0,0.0
id_6tjot777fk.jpg,0.0,0.0,0.0
id_6u4wgjbt95.jpg,0.0,0.0,0.0
id_6vk6psro5s.jpg,0.0,0.0,0.0
id_6z1bp84py1.jpg,0.0,0.0,0.0
id_700mwvc0vx.jpg,0.0,0.0,0.0
id_70oj3rugky.jpg,0.0,0.0,0.0
id_70qqvj0pii.jpg,0.0,0.0,0.0
id_712bjojv2s.jpg,0.0,0.0,0.0
id_7287yu0tkw.jpg,0.0,0.0,0.0
id_72ky4xkvsp.jpg,0.0,0.0,0.0
id_72zw6mjvgo.jpg,0.0,0.0,0.0
id_73a9naiehr.jpg,0.0,0.0,0.0
id_74359q2hrc.jpg,0.0,0.0,0.0
id_74gu2zkoxj.jpg,0.0,0.0,0.0
id_74i7knnaa6.jpg,0.0,0.0,0.0
id_74qvz0t4fy.jpg,0.0,0.0,0.0
id_74zd0jtvso.jpg,0.0,0.0,0.0
id_75pre3joob.jpg,0.0,0.0,0.0
id_75vovkuer9.jpg,0.0,0.0,0.0
id_77ijc7wa3j.jpg,0.0,0.0,0.0
id_78v1qy0me7.jpg,0.0,0.0,0.0
id_792bgr58xm.jpg,0.0,0.0,0.0
id_7966xv6p5i.jpg,0.0,0.0,0.0
id_7b4zf930o7.jpg,0.0,0.0,0.0
id_7dx69pxq4g.jpg,0.0,0.0,0.0
id_7eso2apebc.jpg,0.0,0.0,0.0
id_7gs7jffsdm.jpg,0.0,0.0,0.0
id_7htglor42s.jpg,0.0,0.0,0.0
id_7ivw1rdt60.jpg,0.0,0.0,0.0
id_7j622hnfcq.jpg,0.0,0.0,0.0
id_7l69draumk.jpg,0.0,0.0,0.0
id_7mbzttiyjx.jpg,0.0,0.0,0.0
id_7mjwvizaz4.jpg,0.0,0.0,0.0
id_7nt5ym1rab.jpg,0.0,0.0,0.0
id_7nuvwqoznc.jpg,0.0,0.0,0.0
id_7ox9hfrp2p.jpg,0.0,0.0,0.0
id_7piya8u1a5.jpg,0.0,0.0,0.0
id_7qfre8d4gx.jpg,0.0,0.0,0.0
id_7r73s15wdu.jpg,0.0,0.0,0.0
id_7rkfw0pgej.jpg,0.0,0.0,0.0
id_7sseaeewuh.jpg,0.0,0.0,0.0
id_7suxzhgr6k.jpg,0.0,0.0,0.0
id_7t4t4nuo1y.jpg,0.0,0.0,0.0
id_7troz2ms9w.jpg,0.0,0.0,0.0
id_7urr8falap.jpg,0.0,0.0,0.0
id_7wqwcmi8rt.jpg,0.0,0.0,0.0
id_7wukxcmpbd.jpg,0.0,0.0,0.0
id_7wvj41qgu8.jpg,0.0,0.0,0.0
id_7y7kizouj3.jpg,0.0,0.0,0.0
id_7z7c7yav4z.jpg,0.0,0.0,0.0
id_7zso8x5txl.jpg,0.0,0.0,0.0
id_80uy76npvy.jpg,0.0,0.0,0.0
id_8285wr8lqi.jpg,0.0,0.0,0.0
id_856sqmfzwg.jpg,0.0,0.0,0.0
id_85x8auxsl3.jpg,0.0,0.0,0.0
id_890agl8zkx.jpg,0.0,0.0,0.0
id_8aximw3gbo.jpg,0.0,0.0,0.0
id_8c4pq31jju.jpg,0.0,0.0,0.0
id_8dbdn90bmg.jpg,0.0,0.0,0.0
id_8fbilb09da.jpg,0.0,0.0,0.0
id_8gyccu6fn0.jpg,0.0,0.0,0.0
id_8h2vdiwjnf.jpg,0.0,0.0,0.0
id_8i3h5j0qqd.jpg,0.0,0.0,0.0
id_8iwoos555d.jpg,0.0,0.0,0.0
id_8j9vk5ljpd.jpg,0.0,0.0,0.0
id_8jsjliuxmu.jpg,0.0,0.0,0.0
id_8kctxkxhml.jpg,0.0,0.0,0.0
id_8km8v0obx1.jpg,0.0,0.0,0.0
id_8l7f4q4tfu.jpg,0.0,0.0,0.0
id_8mja6ti650.jpg,0.0,0.0,0.0
id_8nlg2xb2is.jpg,0.0,0.0,0.0
id_8o5a4nezxp.jpg,0.0,0.0,0.0
id_8odmdfi7iz.jpg,0.0,0.0,0.0
id_8oeekx1062.jpg,0.0,0.0,0.0
id_8qcbpzadoy.jpg,0.0,0.0,0.0
id_8u35quh9ds.jpg,0.0,0.0,0.0
id_8u7pccetfi.jpg,0.0,0.0,0.0
id_8x569866pb.jpg,0.0,0.0,0.0
id_8xkrg1bywr.jpg,0.0,0.0,0.0
id_8ycgxgfq0k.jpg,0.0,0.0,0.0
id_8yrscp6yel.jpg,0.0,0.0,0.0
id_90e92xfixp.jpg,0.0,0.0,0.0
id_92arb6rtbu.jpg,0.0,0.0,0.0
id_947llr07l1.jpg,0.0,0.0,0.0
id_94ppy8gtdn.jpg,0.0,0.0,0.0
id_95b0liwdh6.jpg,0.0,0.0,0.0
id_95fcfcgs9d.jpg,0.0,0.0,0.0
id_97pniadwxs.jpg,0.0,0.0,0.0
id_9b0tkqic6c.jpg,0.0,0.0,0.0
id_9bayys139l.jpg,0.0,0.0,0.0
id_9bkxkg5uoy.jpg,0.0,0.0,0.0
id_9d8dhe83vo.jpg,0.0,0.0,0.0
id_9ds3juieb3.jpg,0.0,0.0,0.0
id_9f9ptfngd8.jpg,0.0,0.0,0.0
id_9h4oarnpqt.jpg,0.0,0.0,0.0
id_9jjb9023hu.jpg,0.0,0.0,0.0
id_9ld00xwmon.jpg,0.0,0.0,0.0
id_9llets503b.jpg,0.0,0.0,0.0
id_9m34n8cvbl.jpg,0.0,0.0,0.0
id_9mgzx3qt4q.jpg,0.0,0.0,0.0
id_9mv2eydufl.jpg,0.0,0.0,0.0
id_9rvnit4tfg.jpg,0.0,0.0,0.0
id_9ttxex3x1n.jpg,0.0,0.0,0.0
id_9tv6ronz0p.jpg,0.0,0.0,0.0
id_9u0y2bplx6.jpg,0.0,0.0,0.0
id_9ur6z0mqjz.jpg,0.0,0.0,0.0
id_9vblo6pawj.jpg,0.0,0.0,0.0
id_9w55e1oeq0.jpg,0.0,0.0,0.0
id_9w8geyv8cu.jpg,0.0,0.0,0.0
id_9wlo4kff0i.jpg,0.0,0.0,0.0
id_9x4ntjf2eh.jpg,0.0,0.0,0.0
id_9z91cgtyhs.jpg,0.0,0.0,0.0
id_9zrgq5uefl.jpg,0.0,0.0,0.0
id_a0ts2x3lsv.jpg,0.0,0.0,0.0
id_a1p9xlqr38.jpg,0.0,0.0,0.0
id_a1zi5dpo4s.jpg,0.0,0.0,0.0
id_a5eboqjxsk.jpg,0.0,0.0,0.0
id_a9m30sts7b.jpg,0.0,0.0,0.0
id_a9ry0a9y9q.jpg,0.0,0.0,0.0
id_abd0ket6gk.jpg,0.0,0.0,0.0
id_abfj1weg4d.jpg,0.0,0.0,0.0
id_act04m6s7j.jpg,0.0,0.0,0.0
id_adungoii3n.jpg,0.0,0.0,0.0
id_ah065qab4g.jpg,0.0,0.0,0.0
id_ahlsbyn84z.jpg,0.0,0.0,0.0
id_aj2mhyiljl.jpg,0.0,0.0,0.0
id_ajrr2ffz45.jpg,0.0,0.0,0.0
id_ak7by8s6xx.jpg,0.0,0.0,0.0
id_akgn1czug4.jpg,0.0,0.0,0.0
id_almuemp2a0.jpg,0.0,0.0,0.0
id_amrw6zrz3c.jpg,0.0,0.0,0.0
id_an9lszlckm.jpg,0.0,0.0,0.0
id_aoixbpjvvq.jpg,0.0,0.0,0.0
id_apl5hbz964.jpg,0.0,0.0,0.0
id_apmoqofvcn.jpg,0.0,0.0,0.0
id_aprrkmjoli.jpg,0.0,0.0,0.0
id_ark2usd7u8.jpg,0.0,0.0,0.0
id_arsg8nwnez.jpg,0.0,0.0,0.0
id_askxpsiynp.jpg,0.0,0.0,0.0
id_at5zd8zdot.jpg,0.0,0.0,0.0
id_au351ozt0u.jpg,0.0,0.0,0.0
id_aubznv8khr.jpg,0.0,0.0,0.0
id_avn1ejzmvs.jpg,0.0,0.0,0.0
id_avo9syteav.jpg,0.0,0.0,0.0
id_avp0xvzsef.jpg,0.0,0.0,0.0
id_avy4f1aml0.jpg,0.0,0.0,0.0
id_aw9y79nutx.jpg,0.0,0.0,0.0
id_axlte8dtxc.jpg,0.0,0.0,0.0
id_ay3hzdsf41.jpg,0.0,0.0,0.0
id_b15h3wr363.jpg,0.0,0.0,0.0
id_b19jeif9q2.jpg,0.0,0.0,0.0
id_b38ee2otk3.jpg,0.0,0.0,0.0
id_b4m778w81r.jpg,0.0,0.0,0.0
id_b5fn6xymr7.jpg,0.0,0.0,0.0
id_b68zqqxb16.jpg,0.0,0.0,0.0
id_b6guqa4jqp.jpg,0.0,0.0,0.0
id_b9l1y6pkri.jpg,0.0,0.0,0.0
id_bazikoi5h9.jpg,0.0,0.0,0.0
id_bb91jp6pg4.jpg,0.0,0.0,0.0
id_bc5p9me7ku.jpg,0.0,0.0,0.0
id_bce4iyojch.jpg,0.0,0.0,0.0
id_bekoxyehov.jpg,0.0,0.0,0.0
id_bgj44bvut4.jpg,0.0,0.0,0.0
id_bkrke3vo57.jpg,0.0,0.0,0.0
id_blscjxidu6.jpg,0.0,0.0,0.0
id_blx62wltrk.jpg,0.0,0.0,0.0
id_bmir6gcods.jpg,0.0,0.0,0.0
id_bmwp4rr84y.jpg,0.0,0.0,0.0
id_bnyrssm9kj.jpg,0.0,0.0,0.0
id_borot9b0dn.jpg,0.0,0.0,0.0
id_bouwtc3thv.jpg,0.0,0.0,0.0
id_bpy1vkc436.jpg,0.0,0.0,0.0
id_bq60p3aqo8.jpg,0.0,0.0,0.0
id_bs01v3crns.jpg,0.0,0.0,0.0
id_bs0rwp1kmc.jpg,0.0,0.0,0.0
id_btc44m5ven.jpg,0.0,0.0,0.0
id_btipo9ojnr.jpg,0.0,0.0,0.0
id_bucgp90ug4.jpg,0.0,0.0,0.0
id_bun8uetq9r.jpg,0.0,0.0,0.0
id_bx77h99p3j.jpg,0.0,0.0,0.0
id_bxgijj96cq.jpg,0.0,0.0,0.0
id_by3qnznp3v.jpg,0.0,0.0,0.0
id_bybbtlbxoo.jpg,0.0,0.0,0.0
id_byyn5oxwj8.jpg,0.0,0.0,0.0
id_c0atby9mg0.jpg,0.0,0.0,0.0
id_c0iobr5lyv.jpg,0.0,0.0,0.0
id_c30q46dzkg.jpg,0.0,0.0,0.0
id_c3p4zaeafj.jpg,0.0,0.0,0.0
id_c3x8zs9kh3.jpg,0.0,0.0,0.0
id_c6r902u1yc.jpg,0.0,0.0,0.0
id_c8ccb7p1ny.jpg,0.0,0.0,0.0
id_c8zqlaoscm.jpg,0.0,0.0,0.0
id_c996aefk2b.jpg,0.0,0.0,0.0
id_ca1ulb7phu.jpg,0.0,0.0,0.0
id_carqo16fzo.jpg,0.0,0.0,0.0
id_cbrq69l0b7.jpg,0.0,0.0,0.0
id_cc26n7gl0l.jpg,0.0,0.0,0.0
id_cdf888g19t.jpg,0.0,0.0,0.0
id_cdphzwxh66.jpg,0.0,0.0,0.0
id_cguvv909pj.jpg,0.0,0.0,0.0
id_cho3e7kmmf.jpg,0.0,0.0,0.0
id_chyxorazcg.jpg,0.0,0.0,0.0
id_cl2tro0krc.jpg,0.0,0.0,0.0
id_cmo5mn34bk.jpg,0.0,0.0,0.0
id_cmz1pqyyqa.jpg,0.0,0.0,0.0
id_cntxv782n4.jpg,0.0,0.0,0.0
id_cqbm5ybp7n.jpg,0.0,0.0,0.0
id_cr4pbofie3.jpg,0.0,0.0,0.0
id_cs7276ypgk.jpg,0.0,0.0,0.0
id_csvb9gfj1x.jpg,0.0,0.0,0.0
id_cvoa3cg9ts.jpg,0.0,0.0,0.0
id_cx1pdelwqg.jpg,0.0,0.0,0.0
id_cx89v8zdf5.jpg,0.0,0.0,0.0
id_cxbujzrztd.jpg,0.0,0.0,0.0
id_cyxg6svpq1.jpg,0.0,0.0,0.0
id_cyzjic2qj0.jpg,0.0,0.0,0.0
id_cz5uxriepb.jpg,0.0,0.0,0.0
id_d1gzo6e0hj.jpg,0.0,0.0,0.0
id_d2uwba98h4.jpg,0.0,0.0,0.0
id_d3cjyfbkie.jpg,0.0,0.0,0.0
id_d6qf53mzm2.jpg,0.0,0.0,0.0
id_d74qdjo8h9.jpg,0.0,0.0,0.0
id_d7c0hi3hwf.jpg,0.0,0.0,0.0
id_d9xcc459wg.jpg,0.0,0.0,0.0
id_daklqs117p.jpg,0.0,0.0,0.0
id_dblple11hr.jpg,0.0,0.0,0.0
id_ddmx12ft9u.jpg,0.0,0.0,0.0
id_ddrsh911b6.jpg,0.0,0.0,0.0
id_del50nmcl7.jpg,0.0,0.0,0.0
id_detmragq4s.jpg,0.0,0.0,0.0
id_di6wafk673.jpg,0.0,0.0,0.0
id_dibgx1qvt2.jpg,0.0,0.0,0.0
id_dj3f1qlo8i.jpg,0.0,0.0,0.0
id_djuswm9bh4.jpg,0.0,0.0,0.0
id_dkbp68fw0g.jpg,0.0,0.0,0.0
id_dmxy8ool65.jpg,0.0,0.0,0.0
id_dn8sz7kp6g.jpg,0.0,0.0,0.0
id_do5ngonibi.jpg,0.0,0.0,0.0
id_dqoccypgid.jpg,0.0,0.0,0.0
id_drqjqdgwbr.jpg,0.0,0.0,0.0
id_drx0i4qjoo.jpg,0.0,0.0,0.0
id_dsbrupm1cr.jpg,0.0,0.0,0.0
id_dswv82x2xn.jpg,0.0,0.0,0.0
id_dtkyk51t7d.jpg,0.0,0.0,0.0
id_duo0yh6v3g.jpg,0.0,0.0,0.0
id_dvcbb85xlr.jpg,0.0,0.0,0.0
id_dvr5tk922c.jpg,0.0,0.0,0.0
id_dvrwax0ptk.jpg,0.0,0.0,0.0
id_dz5g9suhtw.jpg,0.0,0.0,0.0
id_e0qlh51fu9.jpg,0.0,0.0,0.0
id_e1jrl8ckio.jpg,0.0,0.0,0.0
id_e1prlfbkna.jpg,0.0,0.0,0.0
id_e2b4bad2fs.jpg,0.0,0.0,0.0
id_e2cqw2vllh.jpg,0.0,0.0,0.0
id_e2rjq3xl4b.jpg,0.0,0.0,0.0
id_e4id92jojc.jpg,0.0,0.0,0.0
id_e5xd02ur86.jpg,0.0,0.0,0.0
id_e652ocdak4.jpg,0.0,0.0,0.0
id_e6k39e88b4.jpg,0.0,0.0,0.0
id_e7gc2uew96.jpg,0.0,0.0,0.0
id_e88h986b7j.jpg,0.0,0.0,0.0
id_e8vij3aomx.jpg,0.0,0.0,0.0
id_e9uh1mx5x6.jpg,0.0,0.0,0.0
id_ecvgtyw1zc.jpg,0.0,0.0,0.0
id_edfet6aiir.jpg,0.0,0.0,0.0
id_efcc8cqlws.jpg,0.0,0.0,0.0
id_efjpvf6ooh.jpg,0.0,0.0,0.0
id_eg1tfifjeq.jpg,0.0,0.0,0.0
id_egxnoy01ts.jpg,0.0,0.0,0.0
id_ei7966665t.jpg,0.0,0.0,0.0
id_eimc4saxzn.jpg,0.0,0.0,0.0
id_ejcg1mhr5c.jpg,0.0,0.0,0.0
id_el7ue70uej.jpg,0.0,0.0,0.0
id_emeryr8qky.jpg,0.0,0.0,0.0
id_enpt3c9mep.jpg,0.0,0.0,0.0
id_ep446lk61d.jpg,0.0,0.0,0.0
id_esdbbgwidn.jpg,0.0,0.0,0.0
id_etfht8f6a2.jpg,0.0,0.0,0.0
id_ewak96titm.jpg,0.0,0.0,0.0
id_exbcejid16.jpg,0.0,0.0,0.0
id_exx29m2f5j.jpg,0.0,0.0,0.0
id_exyqtbcoxl.jpg,0.0,0.0,0.0
id_eyen48qlhc.jpg,0.0,0.0,0.0
id_ezkj6zgrre.jpg,0.0,0.0,0.0
id_f0rirecsn9.jpg,0.0,0.0,0.0
id_f24poeux0q.jpg,0.0,0.0,0.0
id_f26ltr4l28.jpg,0.0,0.0,0.0
id_f3vj2zfokq.jpg,0.0,0.0,0.0
id_f47g7y9ot2.jpg,0.0,0.0,0.0
id_f4fi9o3le6.jpg,0.0,0.0,0.0
id_f5adctkdqm.jpg,0.0,0.0,0.0
id_f6337bv7g3.jpg,0.0,0.0,0.0
id_f6gpnjnflw.jpg,0.0,0.0,0.0
id_f7sd78r9w0.jpg,0.0,0.0,0.0
id_f7u2i6v3p1.jpg,0.0,0.0,0.0
id_f8omw0t1gf.jpg,0.0,0.0,0.0
id_f94x3kmvyu.jpg,0.0,0.0,0.0
id_f9wa31xwh0.jpg,0.0,0.0,0.0
id_f9xzi2577a.jpg,0.0,0.0,0.0
id_fae51s7h45.jpg,0.0,0.0,0.0
id_falxfhtpdw.jpg,0.0,0.0,0.0
id_fdal71yl52.jpg,0.0,0.0,0.0
id_ffs12vyhkw.jpg,0.0,0.0,0.0
id_fg13uzygdz.jpg,0.0,0.0,0.0
id_fgedgzq6ev.jpg,0.0,0.0,0.0
id_fi9cn5vrtj.jpg,0.0,0.0,0.0
id_fiqduhapcz.jpg,0.0,0.0,0.0
id_fj1r8bdghm.jpg,0.0,0.0,0.0
id_fj7md3zas2.jpg,0.0,0.0,0.0
id_fkkb5dcuig.jpg,0.0,0.0,0.0
id_fl3t3nfzml.jpg,0.0,0.0,0.0
id_fo95m3q1x7.jpg,0.0,0.0,0.0
id_fq6blx7mhi.jpg,0.0,0.0,0.0
id_fqj7ulkrw7.jpg,0.0,0.0,0.0
id_fqq8i9eaqq.jpg,0.0,0.0,0.0
id_fr37b0ekxk.jpg,0.0,0.0,0.0
id_fse2430d0l.jpg,0.0,0.0,0.0
id_fsybyty8h5.jpg,0.0,0.0,0.0
id_fusrwqj2hq.jpg,0.0,0.0,0.0
id_fvpfi4xmot.jpg,0.0,0.0,0.0
id_fxphky513b.jpg,0.0,0.0,0.0
id_fzpcrlzhul.jpg,0.0,0.0,0.0
id_g1eq7wvrt8.jpg,0.0,0.0,0.0
id_g3xn35cghp.jpg,0.0,0.0,0.0
id_g4ug9vqbd5.jpg,0.0,0.0,0.0
id_gb596fx9gc.jpg,0.0,0.0,0.0
id_gbmfakbcdl.jpg,0.0,0.0,0.0
id_gexbz8xbbp.jpg,0.0,0.0,0.0
id_gfg2gev6my.jpg,0.0,0.0,0.0
id_gfktmz0qeh.jpg,0.0,0.0,0.0
id_gjloe548h5.jpg,0.0,0.0,0.0
id_gkzx64iwyd.jpg,0.0,0.0,0.0
id_gmgxcrq2t7.jpg,0.0,0.0,0.0
id_gnl5bn3rn6.jpg,0.0,0.0,0.0
id_goucryjdwq.jpg,0.0,0.0,0.0
id_gp4vo6ez94.jpg,0.0,0.0,0.0
id_gq1466j51f.jpg,0.0,0.0,0.0
id_gqqyudghzn.jpg,0.0,0.0,0.0
id_gqwmw1xp1u.jpg,0.0,0.0,0.0
id_gsdskbip59.jpg,0.0,0.0,0.0
id_gse4bshs1a.jpg,0.0,0.0,0.0
id_gsplbfqt1e.jpg,0.0,0.0,0.0
id_gv448jdur1.jpg,0.0,0.0,0.0
id_h283ew9pks.jpg,0.0,0.0,0.0
id_h2i1p2cyli.jpg,0.0,0.0,0.0
id_h317b8qvv6.jpg,0.0,0.0,0.0
id_h35g3ky6pr.jpg,0.0,0.0,0.0
id_hc8iljg6yo.jpg,0.0,0.0,0.0
id_hcmn4gh7z6.jpg,0.0,0.0,0.0
id_hcsn3irehh.jpg,0.0,0.0,0.0
id_hfa3z6tgwk.jpg,0.0,0.0,0.0
id_hfe19yb7ej.jpg,0.0,0.0,0.0
id_hgdbjm7371.jpg,0.0,0.0,0.0
id_hi22zpzttf.jpg,0.0,0.0,0.0
id_higuw25bka.jpg,0.0,0.0,0.0
id_hiht8zpw6y.jpg,0.0,0.0,0.0
id_hni7m73rw2.jpg,0.0,0.0,0.0
id_hnqkt8oxu2.jpg,0.0,0.0,0.0
id_hoex385mr8.jpg,0.0,0.0,0.0
id_hrn0dpvzrd.jpg,0.0,0.0,0.0
id_hruzjdkra1.jpg,0.0,0.0,0.0
id_hssgsuxl0q.jpg,0.0,0.0,0.0
id_htx4azs6ls.jpg,0.0,0.0,0.0
id_hudg4kgstg.jpg,0.0,0.0,0.0
id_hup2etcyum.jpg,0.0,0.0,0.0
id_hwhrkqdxjz.jpg,0.0,0.0,0.0
id_hwm1vf4ddd.jpg,0.0,0.0,0.0
id_i1gmtoe1h9.jpg,0.0,0.0,0.0
id_i2sksjcifv.jpg,0.0,0.0,0.0
id_i3fsnogh5m.jpg,0.0,0.0,0.0
id_i4nn7mnpus.jpg,0.0,0.0,0.0
id_i5abphac7v.jpg,0.0,0.0,0.0
id_i6c9umw8sn.jpg,0.0,0.0,0.0
id_i6rzq0vi43.jpg,0.0,0.0,0.0
id_i81ayuiv6u.jpg,0.0,0.0,0.0
id_i8eoisybxv.jpg,0.0,0.0,0.0
id_ianx9b8tiy.jpg,0.0,0.0,0.0
id_iap17yol68.jpg,0.0,0.0,0.0
id_ibhb4afjv9.jpg,0.0,0.0,0.0
id_idptvpe36v.jpg,0.0,0.0,0.0
id_ifboregp9u.jpg,0.0,0.0,0.0
id_ifqwwkaiei.jpg,0.0,0.0,0.0
id_igdfxxyfsu.jpg,0.0,0.0,0.0
id_ih5nvehfkl.jpg,0.0,0.0,0.0
id_ii2y55xu9u.jpg,0.0,0.0,0.0
id_iihyl0w2dk.jpg,0.0,0.0,0.0
id_iizqm4nkxh.jpg,0.0,0.0,0.0
id_ikihlt6xjs.jpg,0.0,0.0,0.0
id_im66qymqnu.jpg,0.0,0.0,0.0
id_immgoa1u25.jpg,0.0,0.0,0.0
id_inoi7ud9bt.jpg,0.0,0.0,0.0
id_inox4crld4.jpg,0.0,0.0,0.0
id_ioeltwwdfm.jpg,0.0,0.0,0.0
id_iom63fwkpf.jpg,0.0,0.0,0.0
id_ipaerj0ehn.jpg,0.0,0.0,0.0
id_ipwqvv84dt.jpg,0.0,0.0,0.0
id_irm15i7xl5.jpg,0.0,0.0,0.0
id_irv1v3m76m.jpg,0.0,0.0,0.0
id_iryz97ll9y.jpg,0.0,0.0,0.0
id_isyh6ku6sl.jpg,0.0,0.0,0.0
id_it0rzf0hgx.jpg,0.0,0.0,0.0
id_it6sxlhgr4.jpg,0.0,0.0,0.0
id_itzrgxgyio.jpg,0.0,0.0,0.0
id_ivjhsm7cz3.jpg,0.0,0.0,0.0
id_iwh76wfcek.jpg,0.0,0.0,0.0
id_iwvfcymq9k.jpg,0.0,0.0,0.0
id_ixohx0x7fx.jpg,0.0,0.0,0.0
id_iz5cbv0k1r.jpg,0.0,0.0,0.0
id_j13u6s5efv.jpg,0.0,0.0,0.0
id_j24l5grdx8.jpg,0.0,0.0,0.0
id_j3568trarc.jpg,0.0,0.0,0.0
id_j770ua3qw3.jpg,0.0,0.0,0.0
id_j9vqx1xxjd.jpg,0.0,0.0,0.0
id_jat5ystlf4.jpg,0.0,0.0,0.0
id_jbo4bwxjyv.jpg,0.0,0.0,0.0
id_jc7x3u6jzq.jpg,0.0,0.0,0.0
id_jcld4apors.jpg,0.0,0.0,0.0
id_jdgto3xkkw.jpg,0.0,0.0,0.0
id_jf35ye8yyu.jpg,0.0,0.0,0.0
id_jg82ghmuqk.jpg,0.0,0.0,0.0
id_ji9d6406fm.jpg,0.0,0.0,0.0
id_jir9ukg4k6.jpg,0.0,0.0,0.0
id_jl0zs4392j.jpg,0.0,0.0,0.0
id_jmug08j2dx.jpg,0.0,0.0,0.0
id_joluroir8v.jpg,0.0,0.0,0.0
id_jpzdade8hn.jpg,0.0,0.0,0.0
id_jq20cab2em.jpg,0.0,0.0,0.0
id_jt6ejdwsaa.jpg,0.0,0.0,0.0
id_jtfnfvf2qv.jpg,0.0,0.0,0.0
id_jtz76x52jp.jpg,0.0,0.0,0.0
id_jva140h7wl.jpg,0.0,0.0,0.0
id_jyt1do8d3r.jpg,0.0,0.0,0.0
id_jz5v7tbbo5.jpg,0.0,0.0,0.0
id_jzw08xfv6p.jpg,0.0,0.0,0.0
id_k06dsv2byl.jpg,0.0,0.0,0.0
id_k137xcbea9.jpg,0.0,0.0,0.0
id_k1647qf4se.jpg,0.0,0.0,0.0
id_k1ple8xw7k.jpg,0.0,0.0,0.0
id_k286pi6nmr.jpg,0.0,0.0,0.0
id_k4d4kbx7yh.jpg,0.0,0.0,0.0
id_k5akvyy5h9.jpg,0.0,0.0,0.0
id_k64822af5l.jpg,0.0,0.0,0.0
id_k67n77588b.jpg,0.0,0.0,0.0
id_k7eur6kpbx.jpg,0.0,0.0,0.0
id_k8jmmhh99t.jpg,0.0,0.0,0.0
id_k8knp8lm11.jpg,0.0,0.0,0.0
id_k8ldaf6iji.jpg,0.0,0.0,0.0
id_k9u4k0s7zw.jpg,0.0,0.0,0.0
id_kac6myb4rp.jpg,0.0,0.0,0.0
id_kagc4maon9.jpg,0.0,0.0,0.0
id_kcxpnf02ra.jpg,0.0,0.0,0.0
id_kd37zpjtqn.jpg,0.0,0.0,0.0
id_kddeefsm3e.jpg,0.0,0.0,0.0
id_kdnmofmnkg.jpg,0.0,0.0,0.0
id_kegjaspgx8.jpg,0.0,0.0,0.0
id_keiqprscwm.jpg,0.0,0.0,0.0
id_kez0xk5n6x.jpg,0.0,0.0,0.0
id_kg4zhrp0l8.jpg,0.0,0.0,0.0
id_kgmhntdh16.jpg,0.0,0.0,0.0
id_khqae1m4o6.jpg,0.0,0.0,0.0
id_kidt6ecu2q.jpg,0.0,0.0,0.0
id_kj5t8u1bo4.jpg,0.0,0.0,0.0
id_kj9trdlawq.jpg,0.0,0.0,0.0
id_kjjjs4s0wb.jpg,0.0,0.0,0.0
id_kkhk81dpbq.jpg,0.0,0.0,0.0
id_kkr3bzscyw.jpg,0.0,0.0,0.0
id_klh92u4wji.jpg,0.0,0.0,0.0
id_kn9xftvrnn.jpg,0.0,0.0,0.0
id_knzf9k8t6z.jpg,0.0,0.0,0.0
id_kor62boy63.jpg,0.0,0.0,0.0
id_kp1oc62sv6.jpg,0.0,0.0,0.0
id_kphfc1xvjm.jpg,0.0,0.0,0.0
id_kps04br8xx.jpg,0.0,0.0,0.0
id_kr4micn1pa.jpg,0.0,0.0,0.0
id_krdrytjgoq.jpg,0.0,0.0,0.0
id_ksr4ggwh8f.jpg,0.0,0.0,0.0
id_ktg97eo3b7.jpg,0.0,0.0,0.0
id_ktifutackp.jpg,0.0,0.0,0.0
id_ku16t864ke.jpg,0.0,0.0,0.0
id_kuk3hptm3d.jpg,0.0,0.0,0.0
id_kw3e0h0qo0.jpg,0.0,0.0,0.0
id_kw5a95jiyw.jpg,0.0,0.0,0.0
id_kwevugay3c.jpg,0.0,0.0,0.0
id_l0wsj10x2s.jpg,0.0,0.0,0.0
id_l2cgrkhmzl.jpg,0.0,0.0,0.0
id_l2wjciy2k9.jpg,0.0,0.0,0.0
id_l3j0xm05w3.jpg,0.0,0.0,0.0
id_l613kk54tv.jpg,0.0,0.0,0.0
id_l65bow7k1p.jpg,0.0,0.0,0.0
id_l70nmhf28x.jpg,0.0,0.0,0.0
id_l84qvfs79z.jpg,0.0,0.0,0.0
id_l8cdsmu0pd.jpg,0.0,0.0,0.0
id_lapii0xyip.jpg,0.0,0.0,0.0
id_lbjlqtfqnu.jpg,0.0,0.0,0.0
id_lbqdy2fu1g.jpg,0.0,0.0,0.0
id_lc3j081r9f.jpg,0.0,0.0,0.0
id_lchpusu9hv.jpg,0.0,0.0,0.0
id_ld9azbrkn0.jpg,0.0,0.0,0.0
id_le0b7a02hg.jpg,0.0,0.0,0.0
id_lfz4f0u3hl.jpg,0.0,0.0,0.0
id_lh6c61f5cd.jpg,0.0,0.0,0.0
id_lhb8r8cqll.jpg,0.0,0.0,0.0
id_lmj087tm0f.jpg,0.0,0.0,0.0
id_lmxozg8vh1.jpg,0.0,0.0,0.0
id_ln1lgvlclh.jpg,0.0,0.0,0.0
id_lox3edb73y.jpg,0.0,0.0,0.0
id_lpf5rf5cef.jpg,0.0,0.0,0.0
id_lr01knxejc.jpg,0.0,0.0,0.0
id_lre8xfj5a5.jpg,0.0,0.0,0.0
id_lupvfru1s3.jpg,0.0,0.0,0.0
id_lvihm9ksl3.jpg,0.0,0.0,0.0
id_lvnaamsyes.jpg,0.0,0.0,0.0
id_lvu5creqox.jpg,0.0,0.0,0.0
id_lx3fzn27ya.jpg,0.0,0.0,0.0
id_lyzus2duc9.jpg,0.0,0.0,0.0
id_m08l0bla1p.jpg,0.0,0.0,0.0
id_m0btlwtdyj.jpg,0.0,0.0,0.0
id_m13laeeafg.jpg,0.0,0.0,0.0
id_m1kfohhpam.jpg,0.0,0.0,0.0
id_m3dj7pcsfm.jpg,0.0,0.0,0.0
id_m4jaqnvn4e.jpg,0.0,0.0,0.0
id_m6zfhhia8f.jpg,0.0,0.0,0.0
id_m7symjqnxf.jpg,0.0,0.0,0.0
id_m9iq8hfhmn.jpg,0.0,0.0,0.0
id_madejx2dsj.jpg,0.0,0.0,0.0
id_mcfzxboyyi.jpg,0.0,0.0,0.0
id_meaye9157o.jpg,0.0,0.0,0.0
id_mi7nha96fs.jpg,0.0,0.0,0.0
id_miqvo2w7sn.jpg,0.0,0.0,0.0
id_mjhv8d9dvy.jpg,0.0,0.0,0.0
id_ml4dl8w166.jpg,0.0,0.0,0.0
id_ml6n0ko1v7.jpg,0.0,0.0,0.0
id_mmi9s5q2mv.jpg,0.0,0.0,0.0
id_mo3bdi0ypm.jpg,0.0,0.0,0.0
id_mokkj027bd.jpg,0.0,0.0,0.0
id_mor6m75cmr.jpg,0.0,0.0,0.0
id_mpcuoyvsqq.jpg,0.0,0.0,0.0
id_mq9704t67z.jpg,0.0,0.0,0.0
id_mqnbanp0gs.jpg,0.0,0.0,0.0
id_mqz6zwqb19.jpg,0.0,0.0,0.0
id_mrjmlw7bim.jpg,0.0,0.0,0.0
id_mruj8kcxvq.jpg,0.0,0.0,0.0
id_msy5wmjs0c.jpg,0.0,0.0,0.0
id_mtvik21wb4.jpg,0.0,0.0,0.0
id_muy3sik0t3.jpg,0.0,0.0,0.0
id_mwtb56vqrl.jpg,0.0,0.0,0.0
id_myal68lj94.jpg,0.0,0.0,0.0
id_n0x5st1b03.jpg,0.0,0.0,0.0
id_n3eoeebe44.jpg,0.0,0.0,0.0
id_n4o5bhml2e.jpg,0.0,0.0,0.0
id_n92kd0fyhy.jpg,0.0,0.0,0.0
id_na7j7fjjo2.jpg,0.0,0.0,0.0
id_ne6li8rhp1.jpg,0.0,0.0,0.0
id_nemier4hyh.jpg,0.0,0.0,0.0
id_nf4i1zkwzw.jpg,0.0,0.0,0.0
id_nk0q1tl98l.jpg,0.0,0.0,0.0
id_nk1if6d55n.jpg,0.0,0.0,0.0
id_nklzok5d8k.jpg,0.0,0.0,0.0
id_nn1llkv5gv.jpg,0.0,0.0,0.0
id_nnufk51f82.jpg,0.0,0.0,0.0
id_nodua32bev.jpg,0.0,0.0,0.0
id_noq73td865.jpg,0.0,0.0,0.0
id_np3eck4ztu.jpg,0.0,0.0,0.0
id_npob4lecs8.jpg,0.0,0.0,0.0
id_nq7a83plut.jpg,0.0,0.0,0.0
id_nr0y6saehj.jpg,0.0,0.0,0.0
id_nr3m89kokp.jpg,0.0,0.0,0.0
id_nr47vmf0y6.jpg,0.0,0.0,0.0
id_nradve23p3.jpg,0.0,0.0,0.0
id_nrhzrkxu90.jpg,0.0,0.0,0.0
id_ns1z8jq194.jpg,0.0,0.0,0.0
id_ns220uzcsi.jpg,0.0,0.0,0.0
id_ntps3uhxsl.jpg,0.0,0.0,0.0
id_nvepupqkuu.jpg,0.0,0.0,0.0
id_nx75sns47n.jpg,0.0,0.0,0.0
id_nxyktb0riq.jpg,0.0,0.0,0.0
id_o02okrgkei.jpg,0.0,0.0,0.0
id_o40xq2l8vb.jpg,0.0,0.0,0.0
id_o6brmp5kkp.jpg,0.0,0.0,0.0
id_o7xwecuwbg.jpg,0.0,0.0,0.0
id_o92bfuokl9.jpg,0.0,0.0,0.0
id_oait28jynd.jpg,0.0,0.0,0.0
id_oarwlp7sl8.jpg,0.0,0.0,0.0
id_ob08w0ebm1.jpg,0.0,0.0,0.0
id_ob71w2bnop.jpg,0.0,0.0,0.0
id_obzycw4cg5.jpg,0.0,0.0,0.0
id_ogbefjp72r.jpg,0.0,0.0,0.0
id_oh2que39wy.jpg,0.0,0.0,0.0
id_oh94ko477a.jpg,0.0,0.0,0.0
id_ohz8x56i79.jpg,0.0,0.0,0.0
id_oli1uj1las.jpg,0.0,0.0,0.0
id_om3a8xve6l.jpg,0.0,0.0,0.0
id_om7ytfcpls.jpg,0.0,0.0,0.0
id_oo1mx5ymtk.jpg,0.0,0.0,0.0
id_oohww1e3aa.jpg,0.0,0.0,0.0
id_or2qbpuujw.jpg,0.0,0.0,0.0
id_or8godvlwx.jpg,0.0,0.0,0.0
id_ou8pq1hzwd.jpg,0.0,0.0,0.0
id_ouq03n3opt.jpg,0.0,0.0,0.0
id_oxcs1wnblk.jpg,0.0,0.0,0.0
id_oxz95d1qnm.jpg,0.0,0.0,0.0
id_oyytkl3oa0.jpg,0.0,0.0,0.0
id_ozjffwap45.jpg,0.0,0.0,0.0
id_p13pqhe04f.jpg,0.0,0.0,0.0
id_p3bpzqhhit.jpg,0.0,0.0,0.0
id_p47lz1d5up.jpg,0.0,0.0,0.0
id_p6y4n6vn5e.jpg,0.0,0.0,0.0
id_p7z5t8nr7f.jpg,0.0,0.0,0.0
id_p974tike4b.jpg,0.0,0.0,0.0
id_pck11u93dn.jpg,0.0,0.0,0.0
id_pdmpgo51zf.jpg,0.0,0.0,0.0
id_phv3e7s9vd.jpg,0.0,0.0,0.0
id_phxagy4y6s.jpg,0.0,0.0,0.0
id_pife8wip0b.jpg,0.0,0.0,0.0
id_pn7y6g0hjp.jpg,0.0,0.0,0.0
id_pntkpy57se.jpg,0.0,0.0,0.0
id_pp24w882ur.jpg,0.0,0.0,0.0
id_ppdr0gmt9d.jpg,0.0,0.0,0.0
id_pqj40ezo84.jpg,0.0,0.0,0.0
id_psaye5bbmy.jpg,0.0,0.0,0.0
id_puhujcukah.jpg,0.0,0.0,0.0
id_pwgy33mr4b.jpg,0.0,0.0,0.0
id_pwn5e9e1p7.jpg,0.0,0.0,0.0
id_pwpzosfvbm.jpg,0.0,0.0,0.0
id_px5m0awyjx.jpg,0.0,0.0,0.0
id_pyhcdjz8o8.jpg,0.0,0.0,0.0
id_pyjq5r512g.jpg,0.0,0.0,0.0
id_pzrm28n2bq.jpg,0.0,0.0,0.0
id_q1rjf8ygj8.jpg,0.0,0.0,0.0
id_q2517ryv7t.jpg,0.0,0.0,0.0
id_q32ayk5adl.jpg,0.0,0.0,0.0
id_q3wdq35cv5.jpg,0.0,0.0,0.0
id_q6g4z619ff.jpg,0.0,0.0,0.0
id_q7dsadfkfp.jpg,0.0,0.0,0.0
id_q8b3e1az0w.jpg,0.0,0.0,0.0
id_qalbod24ns.jpg,0.0,0.0,0.0
id_qbwv3fl351.jpg,0.0,0.0,0.0
id_qcbd33fhkd.jpg,0.0,0.0,0.0
id_qdw44akx59.jpg,0.0,0.0,0.0
id_qdylk3rwsi.jpg,0.0,0.0,0.0
id_qdzqcr85sb.jpg,0.0,0.0,0.0
id_qetwm61xjq.jpg,0.0,0.0,0.0
id_qh7mb43ea4.jpg,0.0,0.0,0.0
id_qhwsn5sjky.jpg,0.0,0.0,0.0
id_qjvehdunvp.jpg,0.0,0.0,0.0
id_qm0yihlx8r.jpg,0.0,0.0,0.0
id_qmoz3pj1ki.jpg,0.0,0.0,0.0
id_qo5q3bzxum.jpg,0.0,0.0,0.0
id_qp60rugwpz.jpg,0.0,0.0,0.0
id_qphv1wsryg.jpg,0.0,0.0,0.0
id_qqtf2q8hqu.jpg,0.0,0.0,0.0
id_qspez4tmne.jpg,0.0,0.0,0.0
id_quhj73jw7i.jpg,0.0,0.0,0.0
id_qv31emc1k3.jpg,0.0,0.0,0.0
id_qw8eivp436.jpg,0.0,0.0,0.0
id_qx0p7xr36g.jpg,0.0,0.0,0.0
id_qy87hrslg6.jpg,0.0,0.0,0.0
id_r0gcaflg0r.jpg,0.0,0.0,0.0
id_r0oxjlww33.jpg,0.0,0.0,0.0
id_r1c568gyb7.jpg,0.0,0.0,0.0
id_r2qh78jyob.jpg,0.0,0.0,0.0
id_r50fyfnzqh.jpg,0.0,0.0,0.0
id_r5s3cn4iuq.jpg,0.0,0.0,0.0
id_r84o75bud7.jpg,0.0,0.0,0.0
id_rb445eugon.jpg,0.0,0.0,0.0
id_rcx2w5a6g9.jpg,0.0,0.0,0.0
id_reekwcctmj.jpg,0.0,0.0,0.0
id_rfy3r8jhtk.jpg,0.0,0.0,0.0
id_rgl13ss505.jpg,0.0,0.0,0.0
id_rh42otmp8x.jpg,0.0,0.0,0.0
id_rhwaelt77b.jpg,0.0,0.0,0.0
id_rhxyv62mdq.jpg,0.0,0.0,0.0
id_rj02n63kp6.jpg,0.0,0.0,0.0
id_rj4wx2zzhp.jpg,0.0,0.0,0.0
id_rjb0m0kzrs.jpg,0.0,0.0,0.0
id_rlmqwptg69.jpg,0.0,0.0,0.0
id_rlp1zc40tf.jpg,0.0,0.0,0.0
id_rlryrjw5qt.jpg,0.0,0.0,0.0
id_rnwysctm75.jpg,0.0,0.0,0.0
id_rqd5qo1lpz.jpg,0.0,0.0,0.0
id_rr09z2xvu4.jpg,0.0,0.0,0.0
id_rr8c6flpv1.jpg,0.0,0.0,0.0
id_rrbk30r6kh.jpg,0.0,0.0,0.0
id_rsgpp32hk6.jpg,0.0,0.0,0.0
id_rswpjbk5ea.jpg,0.0,0.0,0.0
id_rycjvmjn4k.jpg,0.0,0.0,0.0
id_rykyhtg5c3.jpg,0.0,0.0,0.0
id_rzwjplxtyh.jpg,0.0,0.0,0.0
id_s0wikiu8hn.jpg,0.0,0.0,0.0
id_s1av7tc3vw.jpg,0.0,0.0,0.0
id_s1ddf6gcj2.jpg,0.0,0.0,0.0
id_s4sboy3ozh.jpg,0.0,0.0,0.0
id_s7wudr4fcb.jpg,0.0,0.0,0.0
id_s8tnbtoqjb.jpg,0.0,0.0,0.0
id_s8vc8sbsz5.jpg,0.0,0.0,0.0
id_s8zflbhuvf.jpg,0.0,0.0,0.0
id_s9ewsbgwuh.jpg,0.0,0.0,0.0
id_s9fqnvn2m4.jpg,0.0,0.0,0.0
id_s9udrx90dy.jpg,0.0,0.0,0.0
id_sa5m7o3raa.jpg,0.0,0.0,0.0
id_sbwyxqj41t.jpg,0.0,0.0,0.0
id_sd3gb6ksxl.jpg,0.0,0.0,0.0
id_sdbv9gvvrf.jpg,0.0,0.0,0.0
id_se3unvvegw.jpg,0.0,0.0,0.0
id_sec433h1se.jpg,0.0,0.0,0.0
id_sfr6b6w9ys.jpg,0.0,0.0,0.0
id_sfswc1ko1g.jpg,0.0,0.0,0.0
id_sj80vdw1bu.jpg,0.0,0.0,0.0
id_sjbllalhq7.jpg,0.0,0.0,0.0
id_snoz9zpjyt.jpg,0.0,0.0,0.0
id_snuttkxu9g.jpg,0.0,0.0,0.0
id_sogq5cgbut.jpg,0.0,0.0,0.0
id_soncg0jffg.jpg,0.0,0.0,0.0
id_spsdfjdex9.jpg,0.0,0.0,0.0
id_sqnzvsbune.jpg,0.0,0.0,0.0
id_ssg6xiptba.jpg,0.0,0.0,0.0
id_ste0oewz55.jpg,0.0,0.0,0.0
id_sthbo5zefn.jpg,0.0,0.0,0.0
id_stwwzttsfk.jpg,0.0,0.0,0.0
id_suwetdb7vd.jpg,0.0,0.0,0.0
id_swfnvjpg9v.jpg,0.0,0.0,0.0
id_szhbo0igbe.jpg,0.0,0.0,0.0
id_szljg89lq9.jpg,0.0,0.0,0.0
id_t19dc030qz.jpg,0.0,0.0,0.0
id_t37u1133mm.jpg,0.0,0.0,0.0
id_t3ejwleejy.jpg,0.0,0.0,0.0
id_t6s3igq9fc.jpg,0.0,0.0,0.0
id_t7nfloqibb.jpg,0.0,0.0,0.0
id_t8bkohpg52.jpg,0.0,0.0,0.0
id_tbra58cfuq.jpg,0.0,0.0,0.0
id_tcyupvg1y4.jpg,0.0,0.0,0.0
id_tdnddlz0tm.jpg,0.0,0.0,0.0
id_tdxkzfymw1.jpg,0.0,0.0,0.0
id_tdzc8ybddv.jpg,0.0,0.0,0.0
id_tf63upea5a.jpg,0.0,0.0,0.0
id_tfkf8byes4.jpg,0.0,0.0,0.0
id_tghs8neuez.jpg,0.0,0.0,0.0
id_tgp7vxu3a8.jpg,0.0,0.0,0.0
id_tgy35ev719.jpg,0.0,0.0,0.0
id_thxs2qqpqg.jpg,0.0,0.0,0.0
id_tilxme6mos.jpg,0.0,0.0,0.0
id_tk5oepc6vw.jpg,0.0,0.0,0.0
id_tmn0kr41se.jpg,0.0,0.0,0.0
id_tnpvn0t60n.jpg,0.0,0.0,0.0
id_toiig8o6nt.jpg,0.0,0.0,0.0
id_top4rdz7ty.jpg,0.0,0.0,0.0
id_tpxmv75riv.jpg,0.0,0.0,0.0
id_tqrg299dxv.jpg,0.0,0.0,0.0
id_trwdowxes3.jpg,0.0,0.0,0.0
id_tsfwbky6s3.jpg,0.0,0.0,0.0
id_tt9qlvvcji.jpg,0.0,0.0,0.0
id_ttp4tztiek.jpg,0.0,0.0,0.0
id_ttp67r9gl6.jpg,0.0,0.0,0.0
id_tuwlieph08.jpg,0.0,0.0,0.0
id_tv168ghvxd.jpg,0.0,0.0,0.0
id_tvd1vr9c6c.jpg,0.0,0.0,0.0
id_tzgwvdjh8y.jpg,0.0,0.0,0.0
id_u0ubc6531p.jpg,0.0,0.0,0.0
id_u18q7ctpk3.jpg,0.0,0.0,0.0
id_u3ato7u1z2.jpg,0.0,0.0,0.0
id_u3nu82b2w0.jpg,0.0,0.0,0.0
id_u6g8xhcq4v.jpg,0.0,0.0,0.0
id_u822p5sq8b.jpg,0.0,0.0,0.0
id_ua9fx7k3g7.jpg,0.0,0.0,0.0
id_uddlkgvn23.jpg,0.0,0.0,0.0
id_ue490hfcyv.jpg,0.0,0.0,0.0
id_ueo95s7inb.jpg,0.0,0.0,0.0
id_ufcorwsgqd.jpg,0.0,0.0,0.0
id_ui6swc82vn.jpg,0.0,0.0,0.0
id_ujskwrw6bg.jpg,0.0,0.0,0.0
id_ukl71eqd1n.jpg,0.0,0.0,0.0
id_ukub3q9emc.jpg,0.0,0.0,0.0
id_ulyj9e7m79.jpg,0.0,0.0,0.0
id_ulzk4p835t.jpg,0.0,0.0,0.0
id_uompu9rj03.jpg,0.0,0.0,0.0
id_uq1acn82ek.jpg,0.0,0.0,0.0
id_urk774ut2a.jpg,0.0,0.0,0.0
id_uutzgouzed.jpg,0.0,0.0,0.0
id_uwg9j6d6u5.jpg,0.0,0.0,0.0
id_uxutpxc599.jpg,0.0,0.0,0.0
id_uxvq5xwulb.jpg,0.0,0.0,0.0
id_uy2i5sgmo1.jpg,0.0,0.0,0.0
id_v016283wjn.jpg,0.0,0.0,0.0
id_v1hlmorp50.jpg,0.0,0.0,0.0
id_v2at6dlgst.jpg,0.0,0.0,0.0
id_v3gknb05v8.jpg,0.0,0.0,0.0
id_v3rklm0vbg.jpg,0.0,0.0,0.0
id_v7nbqrhggw.jpg,0.0,0.0,0.0
id_v8grwbidcc.jpg,0.0,0.0,0.0
id_v919v66exa.jpg,0.0,0.0,0.0
id_v93k3mjxfz.jpg,0.0,0.0,0.0
id_vautp73pum.jpg,0.0,0.0,0.0
id_vawh0j78pi.jpg,0.0,0.0,0.0
id_venjjlvsdb.jpg,0.0,0.0,0.0
id_vilw006woa.jpg,0.0,0.0,0.0
id_vk3bsqnian.jpg,0.0,0.0,0.0
id_vm95trmrym.jpg,0.0,0.0,0.0
id_vnp8h2ahwz.jpg,0.0,0.0,0.0
id_vnr96k4otc.jpg,0.0,0.0,0.0
id_vqkscphy17.jpg,0.0,0.0,0.0
id_vs50x01pnn.jpg,0.0,0.0,0.0
id_vtclbp2q6p.jpg,0.0,0.0,0.0
id_vud88to52u.jpg,0.0,0.0,0.0
id_vunngzaao0.jpg,0.0,0.0,0.0
id_vwi9qf83z5.jpg,0.0,0.0,0.0
id_vybvadxbeg.jpg,0.0,0.0,0.0
id_vyimjd8ozt.jpg,0.0,0.0,0.0
id_w0qxihth93.jpg,0.0,0.0,0.0
id_w0yjhohz11.jpg,0.0,0.0,0.0
id_w1ej4cs5x4.jpg,0.0,0.0,0.0
id_w2504mxdan.jpg,0.0,0.0,0.0
id_w2yvcm69k8.jpg,0.0,0.0,0.0
id_w3jdvmb9ng.jpg,0.0,0.0,0.0
id_w3xc9815j2.jpg,0.0,0.0,0.0
id_w5bhneyqo7.jpg,0.0,0.0,0.0
id_w6jwojzr9v.jpg,0.0,0.0,0.0
id_w763tns6e6.jpg,0.0,0.0,0.0
id_w86ku2lcm4.jpg,0.0,0.0,0.0
id_w8p5399l7w.jpg,0.0,0.0,0.0
id_w99do194z1.jpg,0.0,0.0,0.0
id_w9fm3x1my6.jpg,0.0,0.0,0.0
id_w9yf7sq9e9.jpg,0.0,0.0,0.0
id_wa5en4qhoh.jpg,0.0,0.0,0.0
id_wb1cl3irf7.jpg,0.0,0.0,0.0
id_we9o2buksi.jpg,0.0,0.0,0.0
id_wfa94ie2du.jpg,0.0,0.0,0.0
id_wgak7atnj8.jpg,0.0,0.0,0.0
id_wgv3zrcwav.jpg,0.0,0.0,0.0
id_whbk4vq0xf.jpg,0.0,0.0,0.0
id_whhw9gbfeb.jpg,0.0,0.0,0.0
id_wi9dejk0b9.jpg,0.0,0.0,0.0
id_wlgd8c7s3z.jpg,0.0,0.0,0.0
id_wmx7rlrxg0.jpg,0.0,0.0,0.0
id_wn1325oc1y.jpg,0.0,0.0,0.0
id_wnlql3t1c1.jpg,0.0,0.0,0.0
id_wq18wcp81e.jpg,0.0,0.0,0.0
id_wquw3q3p2z.jpg,0.0,0.0,0.0
id_wqwoxsohdv.jpg,0.0,0.0,0.0
id_wrukk3s51z.jpg,0.0,0.0,0.0
id_wrw6kgxh4a.jpg,0.0,0.0,0.0
id_wsh7t9dxnf.jpg,0.0,0.0,0.0
id_wu6jtop7y1.jpg,0.0,0.0,0.0
id_wvb9f6jqxp.jpg,0.0,0.0,0.0
id_wwo1nsomhj.jpg,0.0,0.0,0.0
id_wwtgdf0p1l.jpg,0.0,0.0,0.0
id_wxo66wf3gm.jpg,0.0,0.0,0.0
id_wyunn3afu3.jpg,0.0,0.0,0.0
id_wywe3z64s3.jpg,0.0,0.0,0.0
id_wz36qs2v2y.jpg,0.0,0.0,0.0
id_wz8mbn9sng.jpg,0.0,0.0,0.0
id_x001eogutw.jpg,0.0,0.0,0.0
id_x0nnigif79.jpg,0.0,0.0,0.0
id_x68mjo4xbl.jpg,0.0,0.0,0.0
id_x791d7hjde.jpg,0.0,0.0,0.0
id_x8841bs8mo.jpg,0.0,0.0,0.0
id_x8c5blrien.jpg,0.0,0.0,0.0
id_x92bjv4m7a.jpg,0.0,0.0,0.0
id_x9fw0j3iqa.jpg,0.0,0.0,0.0
id_xajwlvf7tw.jpg,0.0,0.0,0.0
id_xal0mklwc3.jpg,0.0,0.0,0.0
id_xb7bivle83.jpg,0.0,0.0,0.0
id_xbi5xa8pl7.jpg,0.0,0.0,0.0
id_xbpu7rwpog.jpg,0.0,0.0,0.0
id_xedjynm8sh.jpg,0.0,0.0,0.0
id_xeu58snvje.jpg,0.0,0.0,0.0
id_xg82bhcs72.jpg,0.0,0.0,0.0
id_xgqkcc5npp.jpg,0.0,0.0,0.0
id_xi7r0lr3vt.jpg,0.0,0.0,0.0
id_xiv6fmv4wm.jpg,0.0,0.0,0.0
id_xj1s29redt.jpg,0.0,0.0,0.0
id_xjbzes2q7b.jpg,0.0,0.0,0.0
id_xl5adfkuw2.jpg,0.0,0.0,0.0
id_xq8xbgid55.jpg,0.0,0.0,0.0
id_xr40o03eho.jpg,0.0,0.0,0.0
id_xr9avpzwjz.jpg,0.0,0.0,0.0
id_xrer1k8ota.jpg,0.0,0.0,0.0
id_xs96ksjv7k.jpg,0.0,0.0,0.0
id_xsaeioml0k.jpg,0.0,0.0,0.0
id_xsdosw4f63.jpg,0.0,0.0,0.0
id_xuhsdgid5q.jpg,0.0,0.0,0.0
id_xuygfg2sp3.jpg,0.0,0.0,0.0
id_xy6orpo8zf.jpg,0.0,0.0,0.0
id_y1o2x9smtx.jpg,0.0,0.0,0.0
id_y25rtqtb7t.jpg,0.0,0.0,0.0
id_y4yz1jk5r1.jpg,0.0,0.0,0.0
id_y56i8gbqm7.jpg,0.0,0.0,0.0
id_y5ukefbcps.jpg,0.0,0.0,0.0
id_y75fvp3yr1.jpg,0.0,0.0,0.0
id_y7mqirxdv8.jpg,0.0,0.0,0.0
id_y82ho9id89.jpg,0.0,0.0,0.0
id_y8rq551j3m.jpg,0.0,0.0,0.0
id_yc5lf1k1ns.jpg,0.0,0.0,0.0
id_yciny6gykn.jpg,0.0,0.0,0.0
id_yfbqkw1ymg.jpg,0.0,0.0,0.0
id_yfppsjq33j.jpg,0.0,0.0,0.0
id_yhji67eb9c.jpg,0.0,0.0,0.0
id_yies2kffo9.jpg,0.0,0.0,0.0
id_yijkuvg4c6.jpg,0.0,0.0,0.0
id_yjme0wt3ne.jpg,0.0,0.0,0.0
id_ykwjcm7qqr.jpg,0.0,0.0,0.0
id_yl7mb6baap.jpg,0.0,0.0,0.0
id_yl85vi7fal.jpg,0.0,0.0,0.0
id_ym9mzaewzx.jpg,0.0,0.0,0.0
id_ymd931nw1w.jpg,0.0,0.0,0.0
id_yny73gm4c4.jpg,0.0,0.0,0.0
id_yo4h7crinn.jpg,0.0,0.0,0.0
id_ys8pl8iwuj.jpg,0.0,0.0,0.0
id_ysjhxc0kpv.jpg,0.0,0.0,0.0
id_ytwkt162q6.jpg,0.0,0.0,0.0
id_yuo2xlbzs9.jpg,0.0,0.0,0.0
id_yz8m2zc7mn.jpg,0.0,0.0,0.0
id_z0di3urhd3.jpg,0.0,0.0,0.0
id_z405c8vwbs.jpg,0.0,0.0,0.0
id_z4ra6bl1u5.jpg,0.0,0.0,0.0
id_z9o3yg7icv.jpg,0.0,0.0,0.0
id_z9vpagzd8d.jpg,0.0,0.0,0.0
id_ze7kusje5k.jpg,0.0,0.0,0.0
id_zezswf7mgc.jpg,0.0,0.0,0.0
id_zf23xyc4tp.jpg,0.0,0.0,0.0
id_zirhmvpnxr.jpg,0.0,0.0,0.0
id_zjttmksblf.jpg,0.0,0.0,0.0
id_zlht6gd0y2.jpg,0.0,0.0,0.0
id_zll75i7pth.jpg,0.0,0.0,0.0
id_zot2kkt61p.jpg,0.0,0.0,0.0
id_zppfrdno2o.jpg,0.0,0.0,0.0
id_zqw38plmbv.jpg,0.0,0.0,0.0
id_zrdlgjrq3r.jpg,0.0,0.0,0.0
id_zsfayxwipp.jpg,0.0,0.0,0.0
id_ztvp2l9k3h.jpg,0.0,0.0,0.0
id_zwwcma7hlt.jpg,0.0,0.0,0.0
id_zyo7m4fj8h.jpg,0.0,0.0,0.0
